country,age,sex,MDS_x,MDS_y,tsne_x,tsne_y,scluster6,kmeans6,ms
Argentina,15-24 years,female,2.7989618341627467,-3.211800580846559,14.134146,-51.382793,4,1,0
Argentina,15-24 years,male,-0.7042443779677193,-3.7855585418452353,-4.793473,-10.169197,4,3,4
Argentina,25-34 years,female,3.274782867145667,-3.1365104463327858,14.750704,-50.226067,4,1,0
Argentina,25-34 years,male,0.07674770468823384,-3.645471251700236,-4.0268116,-10.507538,4,3,4
Argentina,35-54 years,female,3.0819984864857015,-3.1711003321898206,14.038592,-50.349087,4,1,0
Argentina,35-54 years,male,0.5095752247376801,-3.56496428549476,-1.4589174,-11.248934,4,1,4
Argentina,5-14 years,female,3.992530640711703,-3.023184775878297,21.211926,-49.884518,4,1,0
Argentina,5-14 years,male,3.924944157095342,-3.030463224612847,21.18772,-49.89007,4,1,0
Argentina,55-74 years,female,2.9421816617803938,-3.19379033388835,13.270475,-50.35352,4,1,0
Argentina,55-74 years,male,-1.291650164624796,-3.8805550146178693,-4.691348,-0.83735424,4,3,4
Argentina,75+ years,female,3.0036262734822268,-3.183716046455166,12.763562,-49.868618,4,1,0
Argentina,75+ years,male,-5.942948372115919,-4.596726082279795,8.858694,14.400461,4,3,31
Austria,15-24 years,female,2.0264187612486353,3.576860183156382,-34.189095,37.239048,4,0,1
Austria,15-24 years,male,-1.7638218101789607,2.998224450780319,-0.4803,46.756306,4,0,3
Austria,25-34 years,female,1.6359789691370712,3.5114374183862465,-33.922752,37.01757,4,0,1
Austria,25-34 years,male,-2.735883934243923,2.825252204786728,2.340341,46.830044,4,4,3
Austria,35-54 years,female,0.5273036423945137,3.343381961776187,-19.789215,49.58237,4,0,1
Austria,35-54 years,male,-5.181831282046328,2.424172921405875,8.887055,44.917976,4,4,3
Austria,5-14 years,female,3.0245881423434082,3.7090637663058357,-44.59745,36.548645,4,0,1
Austria,5-14 years,male,2.943556226382659,3.697657974025739,-44.598965,36.48366,4,0,1
Austria,55-74 years,female,-0.3792844599761889,3.214864035904456,-8.859124,47.107178,4,0,1
Austria,55-74 years,male,-7.705510300509654,2.0985447426018893,18.474869,38.223316,4,4,5
Austria,75+ years,female,-2.436569849566141,2.8761987796405557,1.8481481,46.82787,4,0,3
Austria,75+ years,male,-21.28323346831088,0.2580365234123123,30.797033,24.84019,3,2,18
Belgium,15-24 years,female,1.7909170702775599,3.0344743910559595,-34.89373,36.20636,4,0,1
Belgium,15-24 years,male,-1.4915765938883354,2.530470235699223,-2.0249703,46.92378,4,0,3
Belgium,25-34 years,female,1.0062983075406977,2.9193797081332358,-21.327194,50.45059,4,0,1
Belgium,25-34 years,male,-4.637339684733026,2.015909358294197,8.186951,45.055344,4,4,3
Belgium,35-54 years,female,-1.0609048998958814,2.608761103359499,-4.9389515,47.440544,4,0,10
Belgium,35-54 years,male,-7.696160135018406,1.5353120289754665,16.67698,39.35433,4,4,5
Belgium,5-14 years,female,3.0537574829261134,3.2174521072760713,-44.545918,34.30216,4,0,1
Belgium,5-14 years,male,2.958702748332554,3.2037696940381157,-44.581837,34.229614,4,0,1
Belgium,55-74 years,female,-0.9875651547826294,2.61987722753198,-4.9977145,47.597176,4,0,10
Belgium,55-74 years,male,-6.235343545673941,1.795390952310967,15.962768,39.76075,4,4,5
Belgium,75+ years,female,-0.5893774390255656,2.6855008677601644,-7.0580997,47.186825,4,0,10
Belgium,75+ years,male,-12.933613894130373,0.9471724188038888,24.641272,34.085255,2,4,15
Brazil,15-24 years,female,3.572536987855238,-3.5973876259601325,24.81729,-39.51334,4,1,0
Brazil,15-24 years,male,2.217440397218834,-3.7845211640329017,14.982564,-17.17798,4,1,0
Brazil,25-34 years,female,3.549631691730212,-3.5995985209997396,24.100016,-39.488815,4,1,0
Brazil,25-34 years,male,1.3722283354895697,-3.9052198485389424,0.70650935,-13.8707905,4,1,0
Brazil,35-54 years,female,3.3891972928285097,-3.621504478186324,24.181263,-38.10173,4,1,0
Brazil,35-54 years,male,1.1520262661114757,-3.9401613498074406,0.43490508,-13.41571,4,1,0
Brazil,5-14 years,female,4.101884474115944,-3.520896202277837,27.53063,-45.029583,4,1,0
Brazil,5-14 years,male,4.087041774316781,-3.5227782902668405,27.53448,-45.016537,4,1,0
Brazil,55-74 years,female,3.454264645804903,-3.6121412768691634,23.814482,-38.742195,4,1,0
Brazil,55-74 years,male,0.7895632257839338,-3.9974980481925706,-0.070604905,-12.628098,4,1,0
Brazil,75+ years,female,3.490862598475196,-3.6082574420586075,25.046793,-38.65348,4,1,0
Brazil,75+ years,male,-1.0804694083331734,-4.296365975908624,-3.584159,-0.7574194,4,3,4
Chile,15-24 years,female,2.782535292449794,-3.266283256672374,14.562655,-41.873447,4,1,0
Chile,15-24 years,male,-0.8309065402061124,-3.8190793361533526,-5.5747104,-9.717452,4,3,4
Chile,25-34 years,female,2.898856003514344,-3.246725358915853,15.100626,-41.483627,4,1,0
Chile,25-34 years,male,-2.137437209455818,-4.012599874373744,-9.117439,-7.6828074,4,3,4
Chile,35-54 years,female,2.77870008161848,-3.2602737172028933,14.47223,-41.129005,4,1,0
Chile,35-54 years,male,-2.2841779666622206,-4.033561668949843,-9.521409,-7.866932,4,3,4
Chile,5-14 years,female,3.933172412171355,-3.0857704069167586,24.231796,-46.89677,4,1,0
Chile,5-14 years,male,3.837106096674604,-3.0998858923850916,24.186493,-46.89436,4,1,0
Chile,55-74 years,female,3.154429116956911,-3.2019875556909367,16.564983,-41.426365,4,1,0
Chile,55-74 years,male,-2.721028085749746,-4.074465919695265,-9.858508,-7.2603045,4,3,4
Chile,75+ years,female,3.3635578342152015,-3.167050579989376,17.220112,-41.423676,4,1,0
Chile,75+ years,male,-5.446245289240378,-4.599142524750803,7.4370155,17.27113,4,3,8
Colombia,15-24 years,female,2.893687847215816,-4.320629577733708,35.784935,-33.42264,4,1,0
Colombia,15-24 years,male,1.0425011943374218,-4.610117552140311,8.614941,-10.355759,4,1,0
Colombia,25-34 years,female,3.604870799480426,-4.206591516928231,42.11772,-34.142776,4,1,0
Colombia,25-34 years,male,1.2640137003911038,-4.5791355783518775,9.070796,-10.696259,4,1,0
Colombia,35-54 years,female,3.8420473698564135,-4.167487485673771,43.70109,-35.512203,4,1,0
Colombia,35-54 years,male,1.8941818319746546,-4.468123395097392,15.552917,-11.825118,4,1,0
Colombia,5-14 years,female,4.0131732150979715,-4.141329999640486,44.95324,-37.284008,4,1,0
Colombia,5-14 years,male,4.010045640034821,-4.141626020109833,44.357113,-37.038113,4,1,0
Colombia,55-74 years,female,3.921835769569941,-4.1546532373745455,44.32793,-36.025375,4,1,0
Colombia,55-74 years,male,1.131924444829476,-4.595356720774471,9.109483,-10.00922,4,1,0
Colombia,75+ years,female,4.020033741680594,-4.13895366497155,45.325825,-36.630386,4,1,0
Colombia,75+ years,male,-0.3490806126150277,-4.851022225813515,-1.8927016,-0.7102099,4,3,4
Czech Republic,15-24 years,female,3.2081598038102537,-2.313047471395458,-44.71057,-18.664726,4,1,0
Czech Republic,15-24 years,male,-0.2327574751413978,-2.838217335483235,0.43643838,-8.921024,4,3,4
Czech Republic,25-34 years,female,3.019531096648314,-2.3404647840948662,-44.460625,-18.892797,4,1,0
Czech Republic,25-34 years,male,-2.070604769926029,-3.1037971192706957,-10.077116,-6.145439,4,3,4
Czech Republic,35-54 years,female,2.016596167587722,-2.4951361422978704,-20.510933,-37.616806,4,1,0
Czech Republic,35-54 years,male,-5.285456348001421,-3.6028586722309104,9.042934,16.481606,4,3,8
Czech Republic,5-14 years,female,3.913337675560905,-2.2128680225208512,-45.853603,-17.576857,4,1,0
Czech Republic,5-14 years,male,3.8130708999047767,-2.227079934288834,-45.713226,-17.714241,4,1,0
Czech Republic,55-74 years,female,1.7148494066690652,-2.538668974098566,-20.326782,-37.69285,4,1,0
Czech Republic,55-74 years,male,-5.12620854608132,-3.576053915785849,8.907079,16.915318,4,3,8
Czech Republic,75+ years,female,0.052874198748300585,-2.8211693705857983,0.8451632,-8.667733,4,3,4
Czech Republic,75+ years,male,-13.467168448606714,-5.023821028174011,34.044468,19.777983,3,2,22
Ecuador,15-24 years,female,2.0503426286690347,-4.619178204774392,16.289892,-10.635527,4,1,0
Ecuador,15-24 years,male,0.7781416046576923,-4.849721940348996,13.132728,-7.107264,4,1,4
Ecuador,25-34 years,female,3.1971577375083493,-4.4270666336973745,38.406757,-32.72708,4,1,0
Ecuador,25-34 years,male,0.9698007832166243,-4.81939605414537,13.418377,-7.2804127,4,1,0
Ecuador,35-54 years,female,3.66056454895794,-4.358872508611298,41.765007,-32.063732,4,1,0
Ecuador,35-54 years,male,1.6810466622829585,-4.691022746469904,15.230806,-9.562742,4,1,0
Ecuador,5-14 years,female,3.8905500752589552,-4.320169129631747,43.77288,-31.46619,4,1,0
Ecuador,5-14 years,male,3.852987126742868,-4.327851458048641,43.606476,-31.76663,4,1,0
Ecuador,55-74 years,female,3.7557991565449105,-4.346635605309073,42.281666,-31.78185,4,1,0
Ecuador,55-74 years,male,1.4408386816660463,-4.766701608604232,14.588939,-8.637526,4,1,0
Ecuador,75+ years,female,3.823424836902081,-4.339918562322282,43.495438,-30.10492,4,1,0
Ecuador,75+ years,male,0.725070693524447,-4.94005754522579,13.074409,-5.879615,4,1,0
Finland,15-24 years,female,0.9279539878172051,3.25155053591627,-22.368027,49.052925,4,0,1
Finland,15-24 years,male,-4.671526243311714,2.348187050863302,8.73797,45.896965,4,4,3
Finland,25-34 years,female,0.2965874831092249,3.154945034375398,-18.897858,48.695515,4,0,1
Finland,25-34 years,male,-7.343236544126738,2.0040607864121953,18.906094,38.897335,4,4,5
Finland,35-54 years,female,-0.5636145844610393,3.0214599747774677,-9.622535,47.872574,4,0,1
Finland,35-54 years,male,-8.73516539328946,1.7198909839930951,20.448328,38.658127,4,4,5
Finland,5-14 years,female,3.027127898230309,3.549490775286903,-46.33979,36.17775,4,0,1
Finland,5-14 years,male,2.9276463447808703,3.5361781957887137,-46.448795,35.941257,4,0,1
Finland,55-74 years,female,-0.22252695549910645,3.071808135020697,-9.85823,47.547737,4,0,1
Finland,55-74 years,male,-7.145348181241268,1.9966548001022535,18.656788,39.28489,4,4,5
Finland,75+ years,female,1.2227383096484425,3.294990515482742,-23.03319,50.33529,4,0,1
Finland,75+ years,male,-8.525803234645899,1.8029832371610561,20.16147,37.686275,4,4,5
Germany,15-24 years,female,2.3719322190969834,3.0457561054296214,-36.60733,35.137894,4,0,1
Germany,15-24 years,male,0.20989255267803503,2.726660076676157,-18.875347,52.074574,4,0,1
Germany,25-34 years,female,2.071335871543849,3.003529239850701,-36.181602,35.376297,4,0,1
Germany,25-34 years,male,-1.1492063788239302,2.516836176357183,-3.3013587,46.49587,4,0,10
Germany,35-54 years,female,1.2163815502927744,2.8818198621521405,-21.091665,51.22832,4,0,1
Germany,35-54 years,male,-3.0387269367770076,2.215034452918645,3.7974052,46.47587,4,4,3
Germany,5-14 years,female,3.1508816622170364,3.152752077537409,-42.878754,33.163605,4,0,1
Germany,5-14 years,male,3.087138150108118,3.143054479593799,-42.664402,33.377132,4,0,1
Germany,55-74 years,female,0.4885217432994124,2.77197932969255,-19.278875,51.878044,4,0,1
Germany,55-74 years,male,-4.212682451776244,2.028458761794635,7.274569,45.231445,4,4,3
Germany,75+ years,female,-1.1770946280114223,2.50928246400269,-2.9251132,46.250156,4,0,10
Germany,75+ years,male,-12.301970499064398,0.9189507843291167,24.584436,34.0537,2,4,15
Greece,15-24 years,female,3.5114267948670324,-0.57171911435094,-47.188473,-36.208096,4,1,2
Greece,15-24 years,male,2.755263181068096,-0.6802951510211233,-43.418587,-36.348835,4,1,2
Greece,25-34 years,female,3.2858834887137154,-0.6045215919470169,-45.720997,-35.87218,4,1,2
Greece,25-34 years,male,1.983556267578264,-0.7906925280465136,-24.776295,-35.590843,4,1,2
Greece,35-54 years,female,3.270384175423726,-0.6073485230538954,-45.617165,-36.552574,4,1,2
Greece,35-54 years,male,1.5986628483860787,-0.847786225361701,-25.05754,-34.870544,4,1,2
Greece,5-14 years,female,3.721248615018022,-0.5423797736566143,-48.09964,-35.780746,4,1,2
Greece,5-14 years,male,3.711716003992451,-0.5437428598973236,-48.123306,-36.390137,4,1,2
Greece,55-74 years,female,3.2161152685087506,-0.6138144012358,-44.962402,-35.830467,4,1,2
Greece,55-74 years,male,1.3343887659212232,-0.8812808311749393,-25.11927,-34.371925,4,1,2
Greece,75+ years,female,3.135239735684423,-0.62638886035359,-44.618088,-36.86861,4,1,2
Greece,75+ years,male,0.23288359842461104,-1.0351189429971035,-20.364439,-30.813972,4,1,2
Guatemala,15-24 years,female,3.5146282080050315,-4.636268071265624,44.674953,-22.994963,4,1,0
Guatemala,15-24 years,male,2.7333694602079777,-4.763079169548425,33.25393,-11.9356365,4,1,0
Guatemala,25-34 years,female,3.923766453004332,-4.562547535927099,46.402115,-22.53004,4,1,0
Guatemala,25-34 years,male,2.5718735266368142,-4.771214797637759,32.256523,-11.971945,4,1,0
Guatemala,35-54 years,female,4.030664766105735,-4.541665236426095,47.25703,-21.978245,4,1,0
Guatemala,35-54 years,male,2.5959798802968277,-4.791122268992805,32.374847,-11.314926,4,1,0
Guatemala,5-14 years,female,4.225508240944185,-4.5060270687425135,47.90667,-20.671358,4,1,0
Guatemala,5-14 years,male,4.248194511283019,-4.503162591387869,48.44714,-20.637674,4,1,0
Guatemala,55-74 years,female,4.1403404675712325,-4.522965168736629,48.242798,-21.442558,4,1,0
Guatemala,55-74 years,male,2.787348288717759,-4.753032072827448,33.299004,-11.3367195,4,1,0
Guatemala,75+ years,female,4.157055565806414,-4.532873465208598,49.563473,-21.574272,4,1,0
Guatemala,75+ years,male,2.462180946231691,-4.8315821632142475,30.944902,-11.693686,4,1,0
Iceland,15-24 years,female,2.2124422510912365,5.01705568760761,-37.68504,47.591667,4,0,1
Iceland,15-24 years,male,-3.724014177363532,4.61530809343611,8.879439,55.2701,4,4,48
Iceland,25-34 years,female,1.098727399949312,4.971606869019538,-35.41349,47.56574,4,0,1
Iceland,25-34 years,male,-5.364006256025955,4.220899816512816,3.3128395,59.758972,4,4,32
Iceland,35-54 years,female,0.6184486715177205,4.883210648898297,-34.126907,48.37534,4,0,1
Iceland,35-54 years,male,-3.575748859724808,4.1928766236613795,7.834249,55.608986,4,4,50
Iceland,5-14 years,female,3.2000156357131613,5.051328149074877,-39.10562,47.45583,4,0,1
Iceland,5-14 years,male,3.0324848557759636,5.046554723372912,-38.975403,47.47167,4,0,1
Iceland,55-74 years,female,0.04310088440309396,4.904265413610914,-33.298058,48.865387,4,0,1
Iceland,55-74 years,male,-3.849023708112781,4.2643854442751,4.7676487,54.279083,4,4,41
Iceland,75+ years,female,1.7473378761809644,5.394813621838575,-35.287758,46.476364,4,0,52
Iceland,75+ years,male,-5.227334781271449,5.767220490698374,7.6356864,57.05538,4,4,54
Israel,15-24 years,female,2.9603300771166388,1.0378122754458345,-13.979372,-66.286964,4,0,2
Israel,15-24 years,male,0.8755130160657993,0.7220903286848417,-15.255413,-51.052,4,0,2
Israel,25-34 years,female,2.824883576334255,1.018121260730075,-14.800167,-66.184746,4,0,2
Israel,25-34 years,male,0.5647227300146894,0.6735673450361132,-14.783776,-50.545357,4,0,2
Israel,35-54 years,female,2.6401999480358755,0.990117039334998,-14.418521,-65.404785,4,0,2
Israel,35-54 years,male,0.023661783907280187,0.5928174405249269,-14.061972,-49.786987,4,0,2
Israel,5-14 years,female,3.472602726829194,1.1094884002219259,-13.5299225,-67.48919,4,0,2
Israel,5-14 years,male,3.3932421449634744,1.0991939358200407,-14.0404215,-67.49141,4,0,2
Israel,55-74 years,female,2.2979286160381105,0.9412751564623576,-15.015003,-64.847404,4,0,2
Israel,55-74 years,male,-0.5225056348693669,0.5121712604495731,-13.487822,-49.23543,4,0,2
Israel,75+ years,female,1.2243870000700978,0.8083138087290327,-15.941308,-51.83973,4,0,2
Israel,75+ years,male,-4.136748822553571,-0.04717198370406359,8.899238,41.67969,4,4,33
Italy,15-24 years,female,2.943740940420089,1.6925879831877328,-5.1443214,-59.17792,4,0,2
Italy,15-24 years,male,1.7102229679257344,1.510519684789431,-7.1664248,-55.615215,4,0,2
Italy,25-34 years,female,2.7097144935586357,1.6586137193521742,-5.473134,-58.450264,4,0,2
Italy,25-34 years,male,0.7299744471903636,1.3681901191763728,-9.978381,-51.061337,4,0,2
Italy,35-54 years,female,2.3576888615307454,1.6061015120348154,-5.983396,-57.397865,4,0,2
Italy,35-54 years,male,0.13937066027516973,1.2805262611786572,-10.23669,-50.474804,4,0,2
Italy,5-14 years,female,3.321368234891298,1.745712713714946,-5.0343027,-60.192776,4,0,2
Italy,5-14 years,male,3.2912357309713642,1.741627838468226,-4.520665,-59.917824,4,0,2
Italy,55-74 years,female,2.032333806567778,1.5577502769550202,-6.5259337,-56.418407,4,0,2
Italy,55-74 years,male,-0.9296395394756302,1.1178734399840886,-10.548662,-49.469612,4,0,3
Italy,75+ years,female,1.810772152706639,1.5270570005906896,-6.525809,-55.555027,4,0,2
Italy,75+ years,male,-5.235452958980896,0.43623123008447673,9.77262,42.04013,4,4,30
Japan,15-24 years,female,0.7754889819319186,4.411013626847356,-7.822259,69.3225,4,0,10
Japan,15-24 years,male,-2.2299695956539196,3.9188435566566437,-5.311326,68.66269,4,0,10
Japan,25-34 years,female,-0.6973813743859537,4.168075134856649,-6.9823956,69.00061,4,0,10
Japan,25-34 years,male,-5.42709302992948,3.2552712845778164,5.5646963,59.441345,4,4,45
Japan,35-54 years,female,-0.9544951964223989,4.106563240989283,-6.56028,68.78197,4,0,10
Japan,35-54 years,male,-8.93407697730645,2.7506260543708483,19.285257,32.50066,4,4,12
Japan,5-14 years,female,3.567559141933362,4.582902041545464,-40.901012,26.608242,4,0,17
Japan,5-14 years,male,3.471820972209014,4.576797565544744,-40.90119,26.612926,4,0,17
Japan,55-74 years,female,-2.0989159257378622,3.8551509319254156,-5.231271,67.92922,4,0,10
Japan,55-74 years,male,-10.171542542229538,2.5185177662283023,19.704504,32.636116,4,4,12
Japan,75+ years,female,-4.200000641964202,3.3660488459737232,-4.214028,66.70952,4,4,35
Japan,75+ years,male,-9.874478442933043,2.562736965861433,20.222288,32.99503,4,4,12
Kazakhstan,15-24 years,female,0.9948457176567277,-4.4599050566217455,9.397915,-15.557683,4,1,0
Kazakhstan,15-24 years,male,-6.629797668047623,-5.707907013826178,9.37046,12.958871,4,3,16
Kazakhstan,25-34 years,female,1.428678338756145,-4.391533170316081,10.089976,-16.155981,4,1,0
Kazakhstan,25-34 years,male,-13.69202508215362,-7.121954619619758,32.109024,21.221867,3,2,24
Kazakhstan,35-54 years,female,1.6570092819417772,-4.357652948721479,11.035906,-16.89796,4,1,0
Kazakhstan,35-54 years,male,-14.329184914767687,-7.136989973132317,33.577793,21.322943,3,2,14
Kazakhstan,5-14 years,female,3.8899824887989,-3.9984078107644145,38.477104,-42.161324,4,1,0
Kazakhstan,5-14 years,male,3.1411878876349406,-4.150194115724679,36.210594,-35.81868,4,1,0
Kazakhstan,55-74 years,female,1.3351550724030936,-4.466034069651064,10.983417,-19.990885,4,1,0
Kazakhstan,55-74 years,male,-13.001689265734084,-7.196128400951003,34.751812,21.055387,3,2,23
Kazakhstan,75+ years,female,-1.1421383017912816,-4.832746996930462,-3.729175,0.48361892,4,3,4
Kazakhstan,75+ years,male,-12.594003906394013,-6.944909384726575,32.56925,20.009474,3,2,21
Kyrgyzstan,15-24 years,female,2.831640632320568,-5.2161192384390445,36.208763,-13.468229,4,1,0
Kyrgyzstan,15-24 years,male,0.12964724351803475,-5.667197308323856,-0.6826528,-1.809913,4,3,4
Kyrgyzstan,25-34 years,female,3.24458282635058,-5.13932512014749,37.61628,-14.132717,4,1,0
Kyrgyzstan,25-34 years,male,-2.1124298122836165,-5.999643263363628,-4.672364,5.352394,4,3,4
Kyrgyzstan,35-54 years,female,3.0667506068594483,-5.165704116635979,37.106033,-14.324279,4,1,0
Kyrgyzstan,35-54 years,male,-3.2750975673786584,-6.21167443698783,-5.1086216,6.5616584,4,3,28
Kyrgyzstan,5-14 years,female,4.173007011100065,-4.974175114987234,46.164455,-19.784845,4,1,0
Kyrgyzstan,5-14 years,male,3.6986417213942437,-5.056104943543191,44.63297,-20.054024,4,1,0
Kyrgyzstan,55-74 years,female,2.904999537682729,-5.23969181394154,37.026123,-15.217795,4,1,0
Kyrgyzstan,55-74 years,male,-3.2458563922590993,-6.417061862222856,-5.4106755,6.9888816,4,3,28
Kyrgyzstan,75+ years,female,1.6373165601894397,-5.597752026629089,17.595253,-10.386892,4,1,0
Kyrgyzstan,75+ years,male,-2.3810605172411505,-6.428337817052113,-3.6847396,6.845409,4,3,28
Luxembourg,15-24 years,female,0.9082915589765239,13.301641635162818,49.449776,45.815826,5,5,11
Luxembourg,15-24 years,male,-1.9976656207147023,13.00330037509164,50.396492,42.930626,5,5,44
Luxembourg,25-34 years,female,0.3689091675972298,13.270182503824408,50.26527,46.02163,5,5,11
Luxembourg,25-34 years,male,-2.782064007014784,12.88843326399519,51.832817,41.87818,5,5,42
Luxembourg,35-54 years,female,-0.577391230423585,13.126351087261641,50.14556,44.277153,5,5,51
Luxembourg,35-54 years,male,-5.259432401785516,12.489799225958773,52.491264,40.09187,5,5,38
Luxembourg,5-14 years,female,1.6011682325018792,13.37701124644652,48.8996,46.57756,5,5,11
Luxembourg,5-14 years,male,1.655101058158016,13.377043553166926,49.3735,46.856968,5,5,11
Luxembourg,55-74 years,female,-1.5980230987692976,13.042331064302475,51.650784,42.98742,5,5,53
Luxembourg,55-74 years,male,-6.440819808344726,12.57083591966224,52.82498,39.419796,5,5,36
Luxembourg,75+ years,female,-1.420043258678072,13.094480009565938,52.130627,43.231895,5,5,46
Luxembourg,75+ years,male,-13.691887973885494,11.851047787959647,52.968056,38.261242,4,4,26
Malta,15-24 years,female,3.456083416336204,-1.4039695885885435,-57.656914,-17.547762,4,1,2
Malta,15-24 years,male,1.9539220498309102,-1.608605216686496,-22.521725,-36.63654,4,1,2
Malta,25-34 years,female,3.105553307852633,-1.444411893004639,-56.59504,-18.887388,4,1,2
Malta,25-34 years,male,0.329983252814593,-1.8954228685681376,-25.722317,-29.162704,4,1,2
Malta,35-54 years,female,3.008709695727751,-1.469841705112683,-58.498947,-19.459885,4,1,2
Malta,35-54 years,male,-0.4837163638981235,-1.9976374053379407,-22.937737,-24.895496,4,3,4
Malta,5-14 years,female,3.750578055682271,-1.3618436071271764,-56.952423,-16.65773,4,1,2
Malta,5-14 years,male,3.769828189634524,-1.3581793470386303,-56.460182,-16.279652,4,1,2
Malta,55-74 years,female,3.1516109803210215,-1.4507932765915477,-58.26462,-18.990957,4,1,2
Malta,55-74 years,male,0.7670517461463523,-1.804779561648387,-24.691235,-28.984695,4,1,2
Malta,75+ years,female,3.36624133209926,-1.4149250418887622,-59.454647,-17.761654,4,1,2
Malta,75+ years,male,-1.7006716113366478,-2.367370274457483,-24.04649,-24.338758,4,3,55
Mauritius,15-24 years,female,1.792645238493814,-4.063978068864051,14.84862,-13.542477,4,1,0
Mauritius,15-24 years,male,-0.24081032092645532,-4.420441737527935,-3.5128467,-2.9917116,4,3,4
Mauritius,25-34 years,female,2.125975225246909,-4.032149258821168,15.719575,-14.261038,4,1,0
Mauritius,25-34 years,male,-3.0092297631673244,-4.818672197166065,-6.5985165,3.7092867,4,3,4
Mauritius,35-54 years,female,2.9589156880445366,-3.8627313757934263,33.22007,-34.31166,4,1,0
Mauritius,35-54 years,male,-2.2668695024083254,-4.717048610786518,-6.5142603,3.4573064,4,3,4
Mauritius,5-14 years,female,3.9151977966464755,-3.6919657252664537,29.437681,-43.749268,4,1,0
Mauritius,5-14 years,male,4.07715859823288,-3.675035765916685,29.02003,-44.154568,4,1,0
Mauritius,55-74 years,female,3.095599297086562,-3.8415736447682076,32.180878,-34.80554,4,1,0
Mauritius,55-74 years,male,-0.5359126866065633,-4.521395646873511,-1.6120385,-3.7432613,4,3,4
Mauritius,75+ years,female,3.364429220517989,-3.8569910971770134,30.72927,-35.794693,4,1,0
Mauritius,75+ years,male,-1.2420244836618493,-5.442784418035164,-0.8937225,0.41977412,4,3,40
Mexico,15-24 years,female,3.327249161179193,-3.2376519561037567,-32.464855,-6.9557705,4,1,0
Mexico,15-24 years,male,1.496671064212532,-3.4962205046397936,-0.9838821,-18.54549,4,1,0
Mexico,25-34 years,female,3.6458353973027653,-3.188176246163362,-33.38539,-6.413151,4,1,0
Mexico,25-34 years,male,1.344436737136059,-3.5198699566906013,-1.5473813,-18.046446,4,1,0
Mexico,35-54 years,female,3.7170966391258773,-3.181118280696321,-33.802914,-5.820027,4,1,0
Mexico,35-54 years,male,1.655522125216334,-3.4747305045499624,-1.4329599,-19.171549,4,1,0
Mexico,5-14 years,female,3.9948391482575136,-3.1465069318482106,-35.448586,-4.592347,4,1,0
Mexico,5-14 years,male,3.9079895111043386,-3.160157160853404,-34.68595,-4.892262,4,1,0
Mexico,55-74 years,female,3.8247375057744746,-3.1699185449094216,-34.77499,-5.859753,4,1,0
Mexico,55-74 years,male,1.6293236369659034,-3.480493445801926,-2.0519197,-18.847786,4,1,0
Mexico,75+ years,female,3.9485105646425804,-3.1551018769649666,-35.733376,-5.4261594,4,1,0
Mexico,75+ years,male,0.15706615883802447,-3.726845303137068,-0.85490733,-10.411761,4,3,4
Netherlands,15-24 years,female,2.1017549322473137,4.068299637214329,-32.63931,39.022205,4,0,1
Netherlands,15-24 years,male,0.6954219089034901,3.8565683473599544,-24.326393,45.901695,4,0,1
Netherlands,25-34 years,female,1.5277594791904592,3.9792367293114115,-32.265152,39.063587,4,0,1
Netherlands,25-34 years,male,-0.778193946549829,3.6419582679537936,-9.631607,46.038967,4,0,10
Netherlands,35-54 years,female,0.5881747026409664,3.841041534961573,-23.760044,45.742615,4,0,1
Netherlands,35-54 years,male,-2.4028333173677616,3.433792495036632,-2.2988288,55.059315,4,0,3
Netherlands,5-14 years,female,2.9913420207477825,4.185414536696056,-45.38186,39.274956,4,0,1
Netherlands,5-14 years,male,2.924688901342275,4.177105067438297,-45.335545,39.277805,4,0,1
Netherlands,55-74 years,female,0.4948234174659969,3.834374068618572,-23.731836,45.14461,4,0,1
Netherlands,55-74 years,male,-1.75147995636883,3.5478768728755488,-2.115413,55.16933,4,0,3
Netherlands,75+ years,female,0.7787391076880228,3.870291141736066,-24.90628,45.2774,4,0,1
Netherlands,75+ years,male,-3.719463861929799,3.165261853141594,5.799656,52.179264,4,4,3
Norway,15-24 years,female,0.5868152205643579,9.671701858090772,63.64962,23.811464,0,5,7
Norway,15-24 years,male,-2.83403771928925,9.24140184680083,58.149494,32.377544,0,5,9
Norway,25-34 years,female,0.25077807209076297,9.63178266775836,62.715218,23.843199,0,5,7
Norway,25-34 years,male,-3.4800931442482166,9.119682857403818,58.429264,33.15442,0,5,9
Norway,35-54 years,female,-0.30311290814791964,9.554226302071815,62.412743,24.752327,0,5,7
Norway,35-54 years,male,-3.4153552127275852,9.126130726591619,58.094223,33.748627,0,5,9
Norway,5-14 years,female,2.2058143233959453,9.878849931701753,64.747536,22.10831,0,5,7
Norway,5-14 years,male,2.0878079359933936,9.865665700488492,64.235504,21.857203,0,5,7
Norway,55-74 years,female,-0.10630779818925115,9.585046179959585,63.22187,24.816135,0,5,7
Norway,55-74 years,male,-3.6051252158912748,9.103411756740554,57.42368,33.099453,0,5,9
Norway,75+ years,female,0.9480912607102959,9.725010522834983,63.461926,23.072306,0,5,7
Norway,75+ years,male,-4.466998967820437,9.000435719113444,57.144997,34.076492,0,5,9
Puerto Rico,15-24 years,female,3.332159241062171,-0.1057033021742851,-37.14192,-55.33026,4,1,2
Puerto Rico,15-24 years,male,1.2206479841796092,-0.41268942190695496,-26.998125,-40.26567,4,1,2
Puerto Rico,25-34 years,female,3.095178840411343,-0.14084885693422025,-36.245262,-56.28739,4,1,2
Puerto Rico,25-34 years,male,-0.5981801562137504,-0.6819811960597617,-16.964039,-31.062227,4,3,2
Puerto Rico,35-54 years,female,2.9045379553638346,-0.16991619481072187,-35.560238,-56.638016,4,1,2
Puerto Rico,35-54 years,male,-2.113735712118224,-0.9037550046619307,-16.101133,-29.011333,4,3,34
Puerto Rico,5-14 years,female,3.621751163069105,-0.06561410467357866,-38.282436,-54.639698,4,1,2
Puerto Rico,5-14 years,male,3.5354123373786175,-0.07740222115911567,-37.661503,-54.603172,4,1,2
Puerto Rico,55-74 years,female,2.8515395144989237,-0.1780674820637033,-35.806297,-57.30848,4,1,2
Puerto Rico,55-74 years,male,-2.199453849478732,-0.913737888296853,-16.37515,-28.595415,4,3,49
Puerto Rico,75+ years,female,3.327032407591447,-0.10534626488641276,-37.73156,-55.8385,4,1,2
Puerto Rico,75+ years,male,-4.099208785204524,-1.2349265113979018,-14.828784,-28.138315,4,3,34
Republic of Korea,15-24 years,female,1.1212457672225495,-1.4578649578983869,-23.59932,-28.665102,4,1,2
Republic of Korea,15-24 years,male,0.3169769594301361,-1.5537711001618952,-23.332315,-28.271095,4,1,2
Republic of Korea,25-34 years,female,-1.0207228281749352,-1.7828025260571922,-21.22934,-25.145891,4,3,49
Republic of Korea,25-34 years,male,-3.3911159809501985,-2.1498447274291643,-18.821028,-24.304552,4,3,49
Republic of Korea,35-54 years,female,-0.46156551148431957,-1.6809187752068637,-21.773483,-25.325714,4,3,49
Republic of Korea,35-54 years,male,8.134797442124862,1.4433953540116171,8.671821,18.587727,4,3,43
Republic of Korea,5-14 years,female,3.5682564261238916,-1.1006290661052973,-57.200962,-15.03197,4,1,2
Republic of Korea,5-14 years,male,3.5878989815237543,-1.0974466163613141,-57.18146,-15.079549,4,1,2
Republic of Korea,55-74 years,female,-1.9300673932656738,-1.9244513021226886,-20.05889,-24.720606,4,3,49
Republic of Korea,55-74 years,male,-14.564385627613776,-3.34224823909347,26.858633,21.238256,1,2,37
Republic of Korea,75+ years,female,-12.054416055658297,-3.559309611915665,26.688183,21.164179,1,2,47
Republic of Korea,75+ years,male,-35.83229539634271,-3.5933158462447685,29.678604,23.931417,3,2,27
Romania,15-24 years,female,3.671879653855425,-4.114243802323417,40.285828,-39.795876,4,1,0
Romania,15-24 years,male,1.3173324304143292,-4.469480353054773,8.11052,-14.438844,4,1,0
Romania,25-34 years,female,3.588353426808099,-4.130469885968769,39.999775,-39.46734,4,1,0
Romania,25-34 years,male,-0.47935195786205015,-4.754100714334792,-2.5324757,-1.209142,4,3,4
Romania,35-54 years,female,2.893657518881565,-4.233019656844289,35.70898,-34.212765,4,1,0
Romania,35-54 years,male,-4.62065892935267,-5.394816386542757,7.0448437,14.975053,4,3,8
Romania,5-14 years,female,4.160065779920198,-4.033484003248935,41.98274,-41.003464,4,1,0
Romania,5-14 years,male,3.892437860640246,-4.077361892999083,41.2129,-40.667538,4,1,0
Romania,55-74 years,female,2.368846879307829,-4.310610960955849,17.725082,-16.346638,4,1,0
Romania,55-74 years,male,-4.666295795583917,-5.393928176630753,6.7483487,15.90267,4,3,8
Romania,75+ years,female,2.2126523839251426,-4.34203547738314,17.512587,-16.096445,4,1,0
Romania,75+ years,male,-4.270393924430478,-5.326235224710984,6.376777,15.3084135,4,3,8
Russian Federation,15-24 years,female,2.0254086558563693,-4.031875119465108,13.269016,-17.180716,4,1,0
Russian Federation,15-24 years,male,-8.037077647056893,-5.718470289268196,9.564248,12.584786,4,3,16
Russian Federation,25-34 years,female,1.708089134570901,-4.08595012451476,12.21129,-17.42547,4,1,0
Russian Federation,25-34 years,male,-14.592393850979315,-6.836786176991013,33.51036,21.854603,3,2,14
Russian Federation,35-54 years,female,1.3464672716073678,-4.156503002653671,11.09611,-19.180384,4,1,0
Russian Federation,35-54 years,male,-16.060434920895055,-7.3950609691778935,34.83369,22.91446,3,2,13
Russian Federation,5-14 years,female,3.9892381267472863,-3.730268774966096,37.981663,-42.06739,4,1,0
Russian Federation,5-14 years,male,3.4985836284667675,-3.820380273788334,37.280487,-41.104366,4,1,0
Russian Federation,55-74 years,female,0.7231749883603962,-4.303263444174245,10.065992,-20.071688,4,1,0
Russian Federation,55-74 years,male,-14.768649830050803,-7.281572776670445,35.090347,22.215042,3,2,13
Russian Federation,75+ years,female,-2.5510066119665065,-4.8138061417525755,-5.11411,3.527551,4,3,4
Russian Federation,75+ years,male,-17.854044719162616,-7.12649795788226,31.70152,23.416796,3,2,20
Singapore,15-24 years,female,1.460384926650916,5.588394700199832,-11.817321,26.78629,4,0,6
Singapore,15-24 years,male,0.7023131889879475,5.496772495733095,-10.3061075,27.29934,4,0,6
Singapore,25-34 years,female,1.2904580716858247,5.56196582247009,-11.196406,26.62705,4,0,6
Singapore,25-34 years,male,-0.5531101234620432,5.267283630822205,-8.845354,29.184761,4,0,6
Singapore,35-54 years,female,0.7618385092728198,5.485301879627469,-10.955995,27.613089,4,0,6
Singapore,35-54 years,male,-1.2307308224403977,5.142442934174423,-8.337664,30.002087,4,0,39
Singapore,5-14 years,female,3.1026711951581487,5.651808926354661,-13.630653,25.267355,4,0,6
Singapore,5-14 years,male,3.0681434942586177,5.6541253765669905,-13.573504,25.318233,4,0,6
Singapore,55-74 years,female,-0.21075816075607604,5.346520315967851,-9.4430275,28.769293,4,0,6
Singapore,55-74 years,male,-2.9804838487415597,4.928096542319323,-7.511738,31.101267,4,4,39
Singapore,75+ years,female,-4.6216208103853935,4.842397193855313,7.789605,51.59863,4,4,25
Singapore,75+ years,male,-12.95519904320849,3.472856580735398,24.805326,35.363888,2,4,19
Spain,15-24 years,female,3.079745243592131,0.3311188577600453,-32.769695,-44.302704,4,0,2
Spain,15-24 years,male,1.8490423279083739,0.15135239897897504,-29.303911,-41.15025,4,0,2
Spain,25-34 years,female,2.8348785424543164,0.2932996255289775,-32.219704,-43.792633,4,0,2
Spain,25-34 years,male,0.7461545611539944,-0.008717218098684336,-27.921663,-39.701385,4,0,2
Spain,35-54 years,female,2.3691983884821672,0.22257825109254842,-30.806623,-42.4643,4,0,2
Spain,35-54 years,male,-0.15737931910810113,-0.1393930593195728,-18.875097,-30.86671,4,0,2
Spain,5-14 years,female,3.5321365569107397,0.3960076010956967,-33.822174,-45.148956,4,0,2
Spain,5-14 years,male,3.501597628916685,0.39172526757042614,-33.633068,-45.168983,4,0,2
Spain,55-74 years,female,1.939424334336208,0.16170731422037032,-29.774258,-41.517944,4,0,2
Spain,55-74 years,male,-1.1937412104106457,-0.2777963701479148,-17.876566,-30.524868,4,3,34
Spain,75+ years,female,1.4724069699482745,0.09897014466603749,-28.591396,-40.505516,4,0,2
Spain,75+ years,male,-7.035385848515257,-1.21506421710749,11.045669,41.346603,4,4,29
Sweden,15-24 years,female,1.2583259137421339,4.604993089197607,-26.814241,40.715897,4,0,1
Sweden,15-24 years,male,-0.711675045456041,4.364082662595504,-19.992994,40.335762,4,0,10
Sweden,25-34 years,female,1.1122172686980503,4.5853892168603405,-26.735712,40.726864,4,0,1
Sweden,25-34 years,male,-1.89179323409476,4.191234333528658,-1.0951378,55.55014,4,0,3
Sweden,35-54 years,female,0.06830516620816089,4.4399943854890225,-21.506582,40.12338,4,0,1
Sweden,35-54 years,male,-3.5839268185057103,3.8438004327383797,6.32422,53.12123,4,4,3
Sweden,5-14 years,female,2.8241361007748145,4.825472237030104,-44.333134,41.662918,4,0,1
Sweden,5-14 years,male,2.843073553013417,4.827820703947251,-44.338345,41.657253,4,0,1
Sweden,55-74 years,female,0.08902880592437033,4.43487224920485,-21.523214,40.61465,4,0,1
Sweden,55-74 years,male,-4.250079121580609,3.7349106237403746,6.4483294,52.987606,4,4,3
Sweden,75+ years,female,0.16144201495890825,4.461852103693192,-22.165836,40.407497,4,0,1
Sweden,75+ years,male,-7.07217895115508,3.3771630536939705,17.26586,37.01733,4,4,5
Turkmenistan,15-24 years,female,2.5108318191016896,-4.85284574652766,19.408926,-16.678236,4,1,0
Turkmenistan,15-24 years,male,0.3190501756369246,-5.4409430939563155,9.244768,-24.584211,4,3,4
Turkmenistan,25-34 years,female,3.203496224197511,-4.7055474967019935,36.546913,-31.53858,4,1,0
Turkmenistan,25-34 years,male,-0.6237651800073646,-5.853514934292357,8.63402,-25.63584,4,3,4
Turkmenistan,35-54 years,female,3.727811795837623,-4.61547782590243,49.31958,-29.902191,4,1,0
Turkmenistan,35-54 years,male,-0.4455757676397053,-5.6806825959548695,8.891574,-25.198446,4,3,4
Turkmenistan,5-14 years,female,4.203338893607704,-4.517091053626377,50.381306,-27.116129,4,1,0
Turkmenistan,5-14 years,male,4.021466830102604,-4.557403072768043,50.29828,-27.388096,4,1,0
Turkmenistan,55-74 years,female,3.60374543998726,-4.648067541480439,49.26299,-30.274557,4,1,0
Turkmenistan,55-74 years,male,1.3241530345724646,-5.293954351759614,10.705177,-21.990656,4,1,0
Turkmenistan,75+ years,female,3.2787256236861215,-4.895835030451367,49.74576,-31.478876,4,1,0
Turkmenistan,75+ years,male,2.1636582080224636,-5.14169583103193,20.538452,-16.820961,4,1,0
United Kingdom,15-24 years,female,2.5193816064509305,3.4529667404470303,-57.622387,37.365456,4,0,1
United Kingdom,15-24 years,male,0.6852837597120544,3.1777370776677194,-10.86572,54.206345,4,0,1
United Kingdom,25-34 years,female,2.166100861717113,3.399936290376015,-58.65911,37.867794,4,0,1
United Kingdom,25-34 years,male,-1.197189218034407,2.8971697086651655,-7.633758,54.011467,4,0,10
United Kingdom,35-54 years,female,1.8729152444134376,3.359121341278231,-59.741917,37.87017,4,0,1
United Kingdom,35-54 years,male,-1.6797035316258395,2.825150588911649,-6.5211177,54.123844,4,0,3
United Kingdom,5-14 years,female,3.1920930624741306,3.5341850560352843,-55.20949,37.24005,4,0,1
United Kingdom,5-14 years,male,3.1824546095320816,3.5329054503965103,-55.227352,37.241127,4,0,1
United Kingdom,55-74 years,female,2.1245288304678214,3.3944678933559245,-59.215633,37.23111,4,0,1
United Kingdom,55-74 years,male,-0.03462609103059219,3.084575953100801,-10.013081,54.11285,4,0,1
United Kingdom,75+ years,female,2.1620130923792784,3.4007195840847975,-58.64717,36.863213,4,0,1
United Kingdom,75+ years,male,-0.3897643921496102,3.0155066485934894,-9.223675,54.031345,4,0,1
United States,15-24 years,female,1.9995893121234916,5.248229529418403,-35.35742,21.14697,4,0,1
United States,15-24 years,male,-2.03107254984049,4.690446993371238,1.9620779,56.80353,4,0,10
United States,25-34 years,female,1.5362375857728003,5.18558017334292,-34.477974,20.584976,4,0,1
United States,25-34 years,male,-3.355579410844486,4.507759004595242,3.6891494,57.424767,4,4,3
United States,35-54 years,female,0.683472416955265,5.1009296676811635,-33.287117,19.887243,4,0,1
United States,35-54 years,male,-4.299779212615885,4.3340755779529605,4.468918,58.445038,4,4,3
United States,5-14 years,female,2.8932309374690863,5.364721289169849,-37.024002,21.94931,4,0,1
United States,5-14 years,male,2.721789609100285,5.3480073200163245,-36.82907,21.834692,4,0,1
United States,55-74 years,female,1.3031380439899731,5.169910313915493,-34.077114,19.973164,4,0,1
United States,55-74 years,male,-4.1575379319684975,4.377119061574472,4.1276145,58.229427,4,4,3
United States,75+ years,female,1.8807213357661339,5.223965349487594,-35.482243,20.48767,4,0,1
United States,75+ years,male,-8.116273029317849,3.7677015489114516,17.133347,36.251846,4,4,5
