"","State","year","month","quarter","TV_State","Radio_State","News_State","sales_state","tv_add","radio_add","news_add","month_1","month_2","month_3","month_4","month_5","month_6","month_7","month_8","month_9","month_10","month_11","month_12","quarter_1","quarter_2","quarter_3","quarter_4","State_CT","State_DL","State_MD","State_NJ","State_NY","State_PA"
"1","NJ",2017,1,1,80000,40000,16000,560000,53333.3333333333,26666.6666666667,10666.6666666667,1,0,0,0,0,0,0,0,0,0,0,0,1,0,0,0,0,0,0,1,0,0
"2","NJ",2017,2,1,80000,40000,16000,616000,80000,40000,16000,0,1,0,0,0,0,0,0,0,0,0,0,1,0,0,0,0,0,0,1,0,0
"3","NJ",2017,3,1,80000,60000,12000,677600,80000,53333.3333333333,13333.3333333333,0,0,1,0,0,0,0,0,0,0,0,0,1,0,0,0,0,0,0,1,0,0
"4","NJ",2017,4,2,80000,60000,12000,745360,80000,60000,12000,0,0,0,1,0,0,0,0,0,0,0,0,0,1,0,0,0,0,0,1,0,0
"5","NJ",2017,5,2,80000,60000,12000,819896,80000,60000,12000,0,0,0,0,1,0,0,0,0,0,0,0,0,1,0,0,0,0,0,1,0,0
"6","NJ",2017,6,2,144000,60000,12000,901885.6,122666.666666667,60000,12000,0,0,0,0,0,1,0,0,0,0,0,0,0,1,0,0,0,0,0,1,0,0
"7","NJ",2017,7,3,72000,120000,12000,992074.16,96000,1e+05,12000,0,0,0,0,0,0,1,0,0,0,0,0,0,0,1,0,0,0,0,1,0,0
"8","NJ",2017,8,3,36000,60000,24000,744055.62,48000,80000,20000,0,0,0,0,0,0,0,1,0,0,0,0,0,0,1,0,0,0,0,1,0,0
"9","NJ",2017,9,3,18000,30000,12000,558041.715,24000,40000,16000,0,0,0,0,0,0,0,0,1,0,0,0,0,0,1,0,0,0,0,1,0,0
"10","NJ",2017,10,4,9000,15000,6000,418531.28625,12000,20000,8000,0,0,0,0,0,0,0,0,0,1,0,0,0,0,0,1,0,0,0,1,0,0
"11","NJ",2017,11,4,9000,7500,3000,313898.4646875,9000,10000,4000,0,0,0,0,0,0,0,0,0,0,1,0,0,0,0,1,0,0,0,1,0,0
"12","NJ",2017,12,4,9000,7500,1500,235423.848515625,9000,7500,2000,0,0,0,0,0,0,0,0,0,0,0,1,0,0,0,1,0,0,0,1,0,0
"13","NJ",2018,1,1,89000,42750,17500,616000,62333.3333333333,31000,12166.6666666667,1,0,0,0,0,0,0,0,0,0,0,0,1,0,0,0,0,0,0,1,0,0
"14","NJ",2018,2,1,118300,57925,21775,770000,108533.333333333,52866.6666666667,20350,0,1,0,0,0,0,0,0,0,0,0,0,1,0,0,0,0,0,0,1,0,0
"15","NJ",2018,3,1,158640,94340,27020,880880,145193.333333333,82201.6666666667,25271.6666666667,0,0,1,0,0,0,0,0,0,0,0,0,1,0,0,0,0,0,0,1,0,0
"16","NJ",2018,4,2,143184,92604,23412,1043504,148336,93182.6666666667,24614.6666666667,0,0,0,1,0,0,0,0,0,0,0,0,0,1,0,0,0,0,0,1,0,0
"17","NJ",2018,5,2,111592,91562.4,21247.2,983875.2,122122.666666667,91909.6,21968.8,0,0,0,0,1,0,0,0,0,0,0,0,0,1,0,0,0,0,0,1,0,0
"18","NJ",2018,6,2,153355.2,90937.44,19948.32,1082262.72,139434.133333333,91145.76,20381.28,0,0,0,0,0,1,0,0,0,0,0,0,0,1,0,0,0,0,0,1,0,0
"19","NJ",2018,7,3,135213.12,126562.464,19168.992,1190488.992,141260.48,114687.456,19428.768,0,0,0,0,0,0,1,0,0,0,0,0,0,0,1,0,0,0,0,1,0,0
"20","NJ",2018,8,3,85606.56,93281.232,21584.496,818461.182,102142.08,104374.976,20779.328,0,0,0,0,0,0,0,1,0,0,0,0,0,0,1,0,0,0,0,1,0,0
"21","NJ",2018,9,3,51803.28,61640.616,16792.248,613845.8865,63071.04,72187.488,18389.664,0,0,0,0,0,0,0,0,1,0,0,0,0,0,1,0,0,0,0,1,0,0
"22","NJ",2018,10,4,60803.28,38320.308,11396.124,460384.414875,57803.28,46093.744,13194.832,0,0,0,0,0,0,0,0,0,1,0,0,0,0,0,1,0,0,0,1,0,0
"23","NJ",2018,11,4,34901.64,22910.154,14396.124,345288.31115625,43535.52,28046.872,13396.124,0,0,0,0,0,0,0,0,0,0,1,0,0,0,0,1,0,0,0,1,0,0
"24","NJ",2018,12,4,21950.82,30410.154,7948.062,282508.61821875,26267.76,27910.154,10097.416,0,0,0,0,0,0,0,0,0,0,0,1,0,0,0,1,0,0,0,1,0,0
"25","NJ",2019,1,1,110950.82,36580.077,12724.031,677600,81284.1533333333,34523.436,11132.0413333333,1,0,0,0,0,0,0,0,0,0,0,0,1,0,0,0,0,0,0,1,0,0
"26","NJ",2019,2,1,114625.41,47252.5385,34499.031,847000,113400.546666667,43695.0513333333,27240.6976666667,0,1,0,0,0,0,0,0,0,0,0,0,1,0,0,0,0,0,0,1,0,0
"27","NJ",2019,3,1,136632.705,70796.26925,30759.5155,660660,129296.94,62948.359,32006.0206666667,0,0,1,0,0,0,0,0,0,0,0,0,1,0,0,0,0,0,0,1,0,0
"28","NJ",2019,4,2,279816.705,163400.26925,54171.5155,1147854.4,232088.705,132532.26925,46367.5155,0,0,0,1,0,0,0,0,0,0,0,0,0,1,0,0,0,0,0,1,0,0
"29","NJ",2019,5,2,78281.741,50992.53385,15083.7431,1082262.72,145460.062333333,88461.7789833333,28113.0005666667,0,0,0,0,1,0,0,0,0,0,0,0,0,1,0,0,0,0,0,1,0,0
"30","NJ",2019,6,2,46327.3882,28385.99477,7006.41262,1190488.992,56978.8391333333,35921.5077966667,9698.85611333333,0,0,0,0,0,1,0,0,0,0,0,0,0,1,0,0,0,0,0,1,0,0
"31","NJ",2019,7,3,36308.10164,30989.691754,5235.080924,1309537.8912,39647.8638266667,30121.7927593333,5825.52482266667,0,0,0,0,0,0,1,0,0,0,0,0,0,0,1,0,0,0,0,1,0,0
"32","NJ",2019,8,3,24382.932328,24854.1847508,5363.9153848,900307.300200001,28357.9887653333,26899.3537518667,5320.97056453333,0,0,0,0,0,0,0,1,0,0,0,0,0,0,1,0,0,0,0,1,0,0
"33","NJ",2019,9,3,15237.2424656,17298.96015016,4431.23267696,675230.47515,18285.8057530667,19817.3683503733,4742.12691290667,0,0,0,0,0,0,0,0,1,0,0,0,0,0,1,0,0,0,0,1,0,0
"34","NJ",2019,10,4,15208.10449312,11123.853630032,3165.471335392,506422.8563625,15217.8171506133,13182.2224700747,3587.39178258133,0,0,0,0,0,0,0,0,0,1,0,0,0,0,0,1,0,0,0,1,0,0
"35","NJ",2019,11,4,10021.948898624,6806.8015260064,3512.3190670784,379817.142271875,11750.6674301227,8245.81889401493,3396.70315651627,0,0,0,0,0,0,0,0,0,0,1,0,0,0,0,1,0,0,0,1,0,0
"36","NJ",2019,12,4,6394.5537797248,7443.39110520128,2292.07621341568,310759.480040625,7603.68548602453,7231.19457880299,2698.82383130325,0,0,0,0,0,0,0,0,0,0,0,1,0,0,0,1,0,0,0,1,0,0
"37","NY",2017,1,1,1e+05,60000,30000,5e+05,68798.1845932416,42481.1303684004,20764.0254044719,1,0,0,0,0,0,0,0,0,0,0,0,1,0,0,0,0,0,0,0,1,0
"38","NY",2017,2,1,90000,54000,27000,550000,93333.3333333333,56000,28000,0,1,0,0,0,0,0,0,0,0,0,0,1,0,0,0,0,0,0,0,1,0
"39","NY",2017,3,1,72000,43200,21600,605000,78000,46800,23400,0,0,1,0,0,0,0,0,0,0,0,0,1,0,0,0,0,0,0,0,1,0
"40","NY",2017,4,2,1e+05,60000,30000,665500,90666.6666666667,54400,27200,0,0,0,1,0,0,0,0,0,0,0,0,0,1,0,0,0,0,0,0,1,0
"41","NY",2017,5,2,1e+05,60000,30000,732050,1e+05,60000,30000,0,0,0,0,1,0,0,0,0,0,0,0,0,1,0,0,0,0,0,0,1,0
"42","NY",2017,6,2,180000,60000,30000,805255,153333.333333333,60000,30000,0,0,0,0,0,1,0,0,0,0,0,0,0,1,0,0,0,0,0,0,1,0
"43","NY",2017,7,3,90000,120000,30000,885780.5,120000,1e+05,30000,0,0,0,0,0,0,1,0,0,0,0,0,0,0,1,0,0,0,0,0,1,0
"44","NY",2017,8,3,45000,60000,60000,664335.375,60000,80000,50000,0,0,0,0,0,0,0,1,0,0,0,0,0,0,1,0,0,0,0,0,1,0
"45","NY",2017,9,3,33750,30000,30000,498251.53125,37500,40000,40000,0,0,0,0,0,0,0,0,1,0,0,0,0,0,1,0,0,0,0,0,1,0
"46","NY",2017,10,4,16875,22500,15000,373688.6484375,22500,25000,20000,0,0,0,0,0,0,0,0,0,1,0,0,0,0,0,1,0,0,0,0,1,0
"47","NY",2017,11,4,16875,11250,11250,280266.486328125,16875,15000,12500,0,0,0,0,0,0,0,0,0,0,1,0,0,0,0,1,0,0,0,0,1,0
"48","NY",2017,12,4,18562.5,11250,5625,210199.864746094,18000,11250,7500,0,0,0,0,0,0,0,0,0,0,0,1,0,0,0,1,0,0,0,0,1,0
"49","NY",2018,1,1,118562.5,64125,35625,550000,85229.1666666667,46500,25625,1,0,0,0,0,0,0,0,0,0,0,0,1,0,0,0,0,0,0,0,1,0
"50","NY",2018,2,1,145993.75,82687.5,40706.25,687500,136850,76500,39012.5,0,1,0,0,0,0,0,0,0,0,0,0,1,0,0,0,0,0,0,0,1,0
"51","NY",2018,3,1,174395,100710,49845,786500,164927.916666667,94702.5,46798.75,0,0,1,0,0,0,0,0,0,0,0,0,1,0,0,0,0,0,0,0,1,0
"52","NY",2018,4,2,164637,96426,47907,931700,167889.666666667,97854,48553,0,0,0,1,0,0,0,0,0,0,0,0,0,1,0,0,0,0,0,0,1,0
"53","NY",2018,5,2,132318.5,93855.6,46744.2,878460,143091.333333333,94712.4,47131.8,0,0,0,0,1,0,0,0,0,0,0,0,0,1,0,0,0,0,0,0,1,0
"54","NY",2018,6,2,187391.1,92313.36,46046.52,966306,169033.566666667,92827.44,46279.08,0,0,0,0,0,1,0,0,0,0,0,0,0,1,0,0,0,0,0,0,1,0
"55","NY",2018,7,3,166434.66,127388.016,45627.912,1062936.6,173420.14,115696.464,45767.448,0,0,0,0,0,0,1,0,0,0,0,0,0,0,1,0,0,0,0,0,1,0
"56","NY",2018,8,3,105717.33,93694.008,52813.956,730768.9125,125956.44,104925.344,50418.608,0,0,0,0,0,0,0,1,0,0,0,0,0,0,1,0,0,0,0,0,1,0
"57","NY",2018,9,3,69733.665,61847.004,41406.978,548076.684375,81728.22,72462.672,45209.304,0,0,0,0,0,0,0,0,1,0,0,0,0,0,1,0,0,0,0,0,1,0
"58","NY",2018,10,4,86608.665,42173.502,28203.489,411057.51328125,80983.665,48731.336,32604.652,0,0,0,0,0,0,0,0,0,1,0,0,0,0,0,1,0,0,0,0,1,0
"59","NY",2018,11,4,51741.8325,26711.751,39453.489,308293.134960938,63364.11,31865.668,35703.489,0,0,0,0,0,0,0,0,0,0,1,0,0,0,0,1,0,0,0,0,1,0
"60","NY",2018,12,4,35152.16625,37961.751,22539.2445,252239.837695313,40682.055,34211.751,28177.326,0,0,0,0,0,0,0,0,0,0,0,1,0,0,0,1,0,0,0,0,1,0
"61","NY",2019,1,1,153714.66625,51043.3755,29082.12225,605000,114193.832916667,46682.834,26901.163,1,0,0,0,0,0,0,0,0,0,0,0,1,0,0,0,0,0,0,0,1,0
"62","NY",2019,2,1,149854.208125,66865.43775,69788.37225,756250,151141.0275,61591.417,56219.62225,0,1,0,0,0,0,0,0,0,0,0,0,1,0,0,0,0,0,0,0,1,0
"63","NY",2019,3,1,162124.6040625,83787.718875,59816.686125,589875,158034.472083333,78146.9585,63140.5815,0,0,1,0,0,0,0,0,0,0,0,0,1,0,0,0,0,0,0,0,1,0
"64","NY",2019,4,2,326761.6040625,180213.718875,107723.686125,1024870,271882.6040625,148071.718875,91754.686125,0,0,0,1,0,0,0,0,0,0,0,0,0,1,0,0,0,0,0,0,1,0
"65","NY",2019,5,2,91816.0208125,54813.863775,30893.577225,966306,170131.215229167,96613.815475,56503.613525,0,0,0,0,1,0,0,0,0,0,0,0,0,1,0,0,0,0,0,0,1,0
"66","NY",2019,6,2,55841.4241625,44138.1671325,23082.0291675,1062936.6,67832.9563791667,47696.73268,25685.87852,0,0,0,0,0,1,0,0,0,0,0,0,0,1,0,0,0,0,0,0,1,0
"67","NY",2019,7,3,44455.2168325,34305.2366265,13741.9882335,1169230.26,48250.6192758333,37582.8801285,16855.3352115,0,0,0,0,0,0,1,0,0,0,0,0,0,0,1,0,0,0,0,0,1,0
"68","NY",2019,8,3,30034.5093665,25599.8489253,13311.1888467,803845.80375,34841.4118551667,28501.6448257,13454.7886423,0,0,0,0,0,0,0,1,0,0,0,0,0,0,1,0,0,0,0,0,1,0
"69","NY",2019,9,3,19953.6348733,17489.37058506,10943.63336934,602884.3528125,23313.9263710333,20192.86336514,11732.81852846,0,0,0,0,0,0,0,0,1,0,0,0,0,0,1,0,0,0,0,0,1,0
"70","NY",2019,10,4,21312.45997466,11932.574517012,7829.424473868,452163.264609375,20859.5182742067,13784.839873028,8867.494105692,0,0,0,0,0,0,0,0,0,1,0,0,0,0,0,1,0,0,0,0,1,0
"71","NY",2019,11,4,14610.858494932,7728.8651034024,9456.5826947736,339122.448457031,16844.7256548413,9130.1015746056,8914.1966211384,0,0,0,0,0,0,0,0,0,0,1,0,0,0,0,1,0,0,0,0,1,0
"72","NY",2019,12,4,9952.6049489864,9138.12322068048,6399.16543895472,277463.821464844,11505.3561309683,8668.37051492112,7418.30452422768,0,0,0,0,0,0,0,0,0,0,0,1,0,0,0,1,0,0,0,0,1,0
"73","PA",2017,1,1,60000,30000,12000,360000,43317.5349829955,23046.0410735602,10133.0551463182,1,0,0,0,0,0,0,0,0,0,0,0,1,0,0,0,0,0,0,0,0,1
"74","PA",2017,2,1,60000,30000,12000,396000,60000,30000,12000,0,1,0,0,0,0,0,0,0,0,0,0,1,0,0,0,0,0,0,0,0,1
"75","PA",2017,3,1,60000,45000,9000,435600,60000,40000,10000,0,0,1,0,0,0,0,0,0,0,0,0,1,0,0,0,0,0,0,0,0,1
"76","PA",2017,4,2,60000,45000,9000,479160,60000,45000,9000,0,0,0,1,0,0,0,0,0,0,0,0,0,1,0,0,0,0,0,0,0,1
"77","PA",2017,5,2,60000,45000,9000,527076,60000,45000,9000,0,0,0,0,1,0,0,0,0,0,0,0,0,1,0,0,0,0,0,0,0,1
"78","PA",2017,6,2,108000,45000,9000,579783.6,92000,45000,9000,0,0,0,0,0,1,0,0,0,0,0,0,0,1,0,0,0,0,0,0,0,1
"79","PA",2017,7,3,54000,90000,9000,637761.96,72000,75000,9000,0,0,0,0,0,0,1,0,0,0,0,0,0,0,1,0,0,0,0,0,0,1
"80","PA",2017,8,3,27000,45000,18000,478321.47,36000,60000,15000,0,0,0,0,0,0,0,1,0,0,0,0,0,0,1,0,0,0,0,0,0,1
"81","PA",2017,9,3,13500,22500,9000,358741.1025,18000,30000,12000,0,0,0,0,0,0,0,0,1,0,0,0,0,0,1,0,0,0,0,0,0,1
"82","PA",2017,10,4,6750,11250,4500,269055.826875,9000,15000,6000,0,0,0,0,0,0,0,0,0,1,0,0,0,0,0,1,0,0,0,0,0,1
"83","PA",2017,11,4,6750,5625,2250,201791.87015625,6750,7500,3000,0,0,0,0,0,0,0,0,0,0,1,0,0,0,0,1,0,0,0,0,0,1
"84","PA",2017,12,4,6750,5625,1125,151343.902617188,6750,5625,1500,0,0,0,0,0,0,0,0,0,0,0,1,0,0,0,1,0,0,0,0,0,1
"85","PA",2018,1,1,66750,32062.5,13125,396000,46750,23250,9125,1,0,0,0,0,0,0,0,0,0,0,0,1,0,0,0,0,0,0,0,0,1
"86","PA",2018,2,1,88725,43443.75,16331.25,495000,81400,39650,15262.5,0,1,0,0,0,0,0,0,0,0,0,0,1,0,0,0,0,0,0,0,0,1
"87","PA",2018,3,1,118980,70755,20265,566280,108895,61651.25,18953.75,0,0,1,0,0,0,0,0,0,0,0,0,1,0,0,0,0,0,0,0,0,1
"88","PA",2018,4,2,107388,69453,17559,670824,111252,69887,18461,0,0,0,1,0,0,0,0,0,0,0,0,0,1,0,0,0,0,0,0,0,1
"89","PA",2018,5,2,83694,68671.8,15935.4,632491.2,91592,68932.2,16476.6,0,0,0,0,1,0,0,0,0,0,0,0,0,1,0,0,0,0,0,0,0,1
"90","PA",2018,6,2,115016.4,68203.08,14961.24,695740.32,104575.6,68359.32,15285.96,0,0,0,0,0,1,0,0,0,0,0,0,0,1,0,0,0,0,0,0,0,1
"91","PA",2018,7,3,101409.84,94921.848,14376.744,765314.352000001,105945.36,86015.592,14571.576,0,0,0,0,0,0,1,0,0,0,0,0,0,0,1,0,0,0,0,0,0,1
"92","PA",2018,8,3,64204.92,69960.924,16188.372,526153.617,76606.56,78281.232,15584.496,0,0,0,0,0,0,0,1,0,0,0,0,0,0,1,0,0,0,0,0,0,1
"93","PA",2018,9,3,38852.46,46230.462,12594.186,394615.21275,47303.28,54140.616,13792.248,0,0,0,0,0,0,0,0,1,0,0,0,0,0,1,0,0,0,0,0,0,1
"94","PA",2018,10,4,45602.46,28740.231,8547.093,295961.4095625,43352.46,34570.308,9896.124,0,0,0,0,0,0,0,0,0,1,0,0,0,0,0,1,0,0,0,0,0,1
"95","PA",2018,11,4,26176.23,17182.6155,10797.093,221971.057171875,32651.64,21035.154,10047.093,0,0,0,0,0,0,0,0,0,0,1,0,0,0,0,1,0,0,0,0,0,1
"96","PA",2018,12,4,16463.115,22807.6155,5961.0465,181612.683140625,19700.82,20932.6155,7573.062,0,0,0,0,0,0,0,0,0,0,0,1,0,0,0,1,0,0,0,0,0,1
"97","PA",2019,1,1,83213.115,27435.05775,9543.02325,435600,60963.115,25892.577,8349.031,1,0,0,0,0,0,0,0,0,0,0,0,1,0,0,0,0,0,0,0,0,1
"98","PA",2019,2,1,85969.0575,35439.403875,25874.27325,544500,85050.41,32771.2885,20430.52325,0,1,0,0,0,0,0,0,0,0,0,0,1,0,0,0,0,0,0,0,0,1
"99","PA",2019,3,1,102474.52875,53097.2019375,23069.636625,424710,96972.705,47211.26925,24004.5155,0,0,1,0,0,0,0,0,0,0,0,0,1,0,0,0,0,0,0,0,0,1
"100","PA",2019,4,2,209862.52875,122550.2019375,40628.636625,737906.4,174066.52875,99399.2019375,34775.636625,0,0,0,1,0,0,0,0,0,0,0,0,0,1,0,0,0,0,0,0,0,1
"101","PA",2019,5,2,58711.30575,38244.4003875,11312.807325,695740.32,109095.04675,66346.3342375,21084.750425,0,0,0,0,1,0,0,0,0,0,0,0,0,1,0,0,0,0,0,0,0,1
"102","PA",2019,6,2,34745.54115,21289.4960775,5254.809465,765314.352000001,42734.12935,26941.1308475,7274.142085,0,0,0,0,0,1,0,0,0,0,0,0,0,1,0,0,0,0,0,0,0,1
"103","PA",2019,7,3,27231.07623,23242.2688155,3926.310693,841845.787200001,29735.89787,22591.3445695,4369.143617,0,0,0,0,0,0,1,0,0,0,0,0,0,0,1,0,0,0,0,0,0,1
"104","PA",2019,8,3,18287.199246,18640.6385631,4022.9365386,578768.978700001,21268.491574,20174.5153139,3990.7279234,0,0,0,0,0,0,0,1,0,0,0,0,0,0,1,0,0,0,0,0,0,1
"105","PA",2019,9,3,11427.9318492,12974.22011262,3323.42450772,434076.734025,13714.3543148,14863.02626278,3556.59518468,0,0,0,0,0,0,0,0,1,0,0,0,0,0,1,0,0,0,0,0,0,1
"106","PA",2019,10,4,11406.07836984,8342.890222524,2374.103501544,325557.55051875,11413.36286296,9886.666852556,2690.543836936,0,0,0,0,0,0,0,0,0,1,0,0,0,0,0,1,0,0,0,0,0,1
"107","PA",2019,11,4,7516.461673968,5105.1011445048,2634.2393003088,244168.162889063,8813.000572592,6184.3641705112,2547.5273673872,0,0,0,0,0,0,0,0,0,0,1,0,0,0,0,1,0,0,0,0,0,1
"108","PA",2019,12,4,4795.9153347936,5582.54332890096,1719.05716006176,199773.951454688,5702.7641145184,5423.39593410224,2024.11787347744,0,0,0,0,0,0,0,0,0,0,0,1,0,0,0,1,0,0,0,0,0,1
"109","CT",2017,1,1,40000,24000,12000,120000,28265.3051115979,17860.8477763003,8573.01905335392,1,0,0,0,0,0,0,0,0,0,0,0,1,0,0,0,1,0,0,0,0,0
"110","CT",2017,2,1,40000,24000,12000,132000,40000,24000,12000,0,1,0,0,0,0,0,0,0,0,0,0,1,0,0,0,1,0,0,0,0,0
"111","CT",2017,3,1,40000,36000,9000,145200,40000,32000,10000,0,0,1,0,0,0,0,0,0,0,0,0,1,0,0,0,1,0,0,0,0,0
"112","CT",2017,4,2,40000,36000,9000,159720,40000,36000,9000,0,0,0,1,0,0,0,0,0,0,0,0,0,1,0,0,1,0,0,0,0,0
"113","CT",2017,5,2,40000,36000,9000,175692,40000,36000,9000,0,0,0,0,1,0,0,0,0,0,0,0,0,1,0,0,1,0,0,0,0,0
"114","CT",2017,6,2,72000,36000,9000,193261.2,61333.3333333333,36000,9000,0,0,0,0,0,1,0,0,0,0,0,0,0,1,0,0,1,0,0,0,0,0
"115","CT",2017,7,3,36000,72000,9000,212587.32,48000,60000,9000,0,0,0,0,0,0,1,0,0,0,0,0,0,0,1,0,1,0,0,0,0,0
"116","CT",2017,8,3,18000,36000,18000,159440.49,24000,48000,15000,0,0,0,0,0,0,0,1,0,0,0,0,0,0,1,0,1,0,0,0,0,0
"117","CT",2017,9,3,9000,18000,9000,119580.3675,12000,24000,12000,0,0,0,0,0,0,0,0,1,0,0,0,0,0,1,0,1,0,0,0,0,0
"118","CT",2017,10,4,4500,9000,4500,89685.275625,6000,12000,6000,0,0,0,0,0,0,0,0,0,1,0,0,0,0,0,1,1,0,0,0,0,0
"119","CT",2017,11,4,4500,4500,2250,67263.95671875,4500,6000,3000,0,0,0,0,0,0,0,0,0,0,1,0,0,0,0,1,1,0,0,0,0,0
"120","CT",2017,12,4,4500,4500,1125,50447.9675390625,4500,4500,1500,0,0,0,0,0,0,0,0,0,0,0,1,0,0,0,1,1,0,0,0,0,0
"121","CT",2018,1,1,44500,25650,13125,132000,31166.6666666667,18600,9125,1,0,0,0,0,0,0,0,0,0,0,0,1,0,0,0,1,0,0,0,0,0
"122","CT",2018,2,1,59150,34755,16331.25,165000,54266.6666666667,31720,15262.5,0,1,0,0,0,0,0,0,0,0,0,0,1,0,0,0,1,0,0,0,0,0
"123","CT",2018,3,1,79320,56604,20265,188760,72596.6666666667,49321,18953.75,0,0,1,0,0,0,0,0,0,0,0,0,1,0,0,0,1,0,0,0,0,0
"124","CT",2018,4,2,71592,55562.4,17559,223608,74168,55909.6,18461,0,0,0,1,0,0,0,0,0,0,0,0,0,1,0,0,1,0,0,0,0,0
"125","CT",2018,5,2,55796,54937.44,15935.4,210830.4,61061.3333333333,55145.76,16476.6,0,0,0,0,1,0,0,0,0,0,0,0,0,1,0,0,1,0,0,0,0,0
"126","CT",2018,6,2,76677.6,54562.464,14961.24,231913.44,69717.0666666667,54687.456,15285.96,0,0,0,0,0,1,0,0,0,0,0,0,0,1,0,0,1,0,0,0,0,0
"127","CT",2018,7,3,67606.56,75937.4784,14376.744,255104.784,70630.24,68812.4736,14571.576,0,0,0,0,0,0,1,0,0,0,0,0,0,0,1,0,1,0,0,0,0,0
"128","CT",2018,8,3,42803.28,55968.7392,16188.372,175384.539,51071.04,62624.9856,15584.496,0,0,0,0,0,0,0,1,0,0,0,0,0,0,1,0,1,0,0,0,0,0
"129","CT",2018,9,3,25901.64,36984.3696,12594.186,131538.40425,31535.52,43312.4928,13792.248,0,0,0,0,0,0,0,0,1,0,0,0,0,0,1,0,1,0,0,0,0,0
"130","CT",2018,10,4,30401.64,22992.1848,8547.093,98653.8031875,28901.64,27656.2464,9896.124,0,0,0,0,0,0,0,0,0,1,0,0,0,0,0,1,1,0,0,0,0,0
"131","CT",2018,11,4,17450.82,13746.0924,10797.093,73990.352390625,21767.76,16828.1232,10047.093,0,0,0,0,0,0,0,0,0,0,1,0,0,0,0,1,1,0,0,0,0,0
"132","CT",2018,12,4,10975.41,18246.0924,5961.0465,60537.561046875,13133.88,16746.0924,7573.062,0,0,0,0,0,0,0,0,0,0,0,1,0,0,0,1,1,0,0,0,0,0
"133","CT",2019,1,1,55475.41,21948.0462,9543.02325,145200,40642.0766666667,20714.0616,8349.031,1,0,0,0,0,0,0,0,0,0,0,0,1,0,0,0,1,0,0,0,0,0
"134","CT",2019,2,1,57312.705,28351.5231,25874.27325,181500,56700.2733333333,26217.0308,20430.52325,0,1,0,0,0,0,0,0,0,0,0,0,1,0,0,0,1,0,0,0,0,0
"135","CT",2019,3,1,68316.3525,42477.76155,23069.636625,141570,64648.47,37769.0154,24004.5155,0,0,1,0,0,0,0,0,0,0,0,0,1,0,0,0,1,0,0,0,0,0
"136","CT",2019,4,2,139908.3525,98040.16155,40628.636625,245968.8,116044.3525,79519.36155,34775.636625,0,0,0,1,0,0,0,0,0,0,0,0,0,1,0,0,1,0,0,0,0,0
"137","CT",2019,5,2,39140.8705,30595.52031,11312.807325,231913.44,72730.0311666667,53077.06739,21084.750425,0,0,0,0,1,0,0,0,0,0,0,0,0,1,0,0,1,0,0,0,0,0
"138","CT",2019,6,2,23163.6941,17031.596862,5254.809465,255104.784,28489.4195666667,21552.904678,7274.142085,0,0,0,0,0,1,0,0,0,0,0,0,0,1,0,0,1,0,0,0,0,0
"139","CT",2019,7,3,18154.05082,18593.8150524,3926.310693,280615.2624,19823.9319133333,18073.0756556,4369.143617,0,0,0,0,0,0,1,0,0,0,0,0,0,0,1,0,1,0,0,0,0,0
"140","CT",2019,8,3,12191.466164,14912.51085048,4022.9365386,192922.9929,14178.9943826667,16139.61225112,3990.7279234,0,0,0,0,0,0,0,1,0,0,0,0,0,0,1,0,1,0,0,0,0,0
"141","CT",2019,9,3,7618.6212328,10379.376090096,3323.42450772,144692.244675,9142.90287653333,11890.421010224,3556.59518468,0,0,0,0,0,0,0,0,1,0,0,0,0,0,1,0,1,0,0,0,0,0
"142","CT",2019,10,4,7604.05224656,6674.3121780192,2374.103501544,108519.18350625,7608.90857530667,7909.3334820448,2690.543836936,0,0,0,0,0,0,0,0,0,1,0,0,0,0,0,1,1,0,0,0,0,0
"143","CT",2019,11,4,5010.974449312,4084.08091560384,2634.2393003088,81389.3876296875,5875.33371506133,4947.49133640896,2547.5273673872,0,0,0,0,0,0,0,0,0,0,1,0,0,0,0,1,1,0,0,0,0,0
"144","CT",2019,12,4,3197.2768898624,4466.03466312077,1719.05716006176,66591.3171515625,3801.84274301227,4338.71674728179,2024.11787347744,0,0,0,0,0,0,0,0,0,0,0,1,0,0,0,1,1,0,0,0,0,0
"145","DL",2017,1,1,20000,14000,9800,120000,14399.0922966208,10822.0115543736,7106.35238668725,1,0,0,0,0,0,0,0,0,0,0,0,1,0,0,0,0,1,0,0,0,0
"146","DL",2017,2,1,20000,14000,9800,132000,20000,14000,9800,0,1,0,0,0,0,0,0,0,0,0,0,1,0,0,0,0,1,0,0,0,0
"147","DL",2017,3,1,20000,21000,7350,145200,20000,18666.6666666667,8166.66666666667,0,0,1,0,0,0,0,0,0,0,0,0,1,0,0,0,0,1,0,0,0,0
"148","DL",2017,4,2,20000,21000,7350,159720,20000,21000,7350,0,0,0,1,0,0,0,0,0,0,0,0,0,1,0,0,0,1,0,0,0,0
"149","DL",2017,5,2,20000,21000,7350,175692,20000,21000,7350,0,0,0,0,1,0,0,0,0,0,0,0,0,1,0,0,0,1,0,0,0,0
"150","DL",2017,6,2,36000,21000,7350,193261.2,30666.6666666667,21000,7350,0,0,0,0,0,1,0,0,0,0,0,0,0,1,0,0,0,1,0,0,0,0
"151","DL",2017,7,3,18000,42000,7350,212587.32,24000,35000,7350,0,0,0,0,0,0,1,0,0,0,0,0,0,0,1,0,0,1,0,0,0,0
"152","DL",2017,8,3,9000,21000,14700,159440.49,12000,28000,12250,0,0,0,0,0,0,0,1,0,0,0,0,0,0,1,0,0,1,0,0,0,0
"153","DL",2017,9,3,4500,10500,7350,119580.3675,6000,14000,9800,0,0,0,0,0,0,0,0,1,0,0,0,0,0,1,0,0,1,0,0,0,0
"154","DL",2017,10,4,2250,5250,3675,89685.275625,3000,7000,4900,0,0,0,0,0,0,0,0,0,1,0,0,0,0,0,1,0,1,0,0,0,0
"155","DL",2017,11,4,2250,2625,1837.5,67263.95671875,2250,3500,2450,0,0,0,0,0,0,0,0,0,0,1,0,0,0,0,1,0,1,0,0,0,0
"156","DL",2017,12,4,2250,2625,918.75,50447.9675390625,2250,2625,1225,0,0,0,0,0,0,0,0,0,0,0,1,0,0,0,1,0,1,0,0,0,0
"157","DL",2018,1,1,22250,14962.5,10718.75,132000,15583.3333333333,10850,7452.08333333333,1,0,0,0,0,0,0,0,0,0,0,0,1,0,0,0,0,1,0,0,0,0
"158","DL",2018,2,1,29575,20273.75,13337.1875,165000,27133.3333333333,18503.3333333333,12464.375,0,1,0,0,0,0,0,0,0,0,0,0,1,0,0,0,0,1,0,0,0,0
"159","DL",2018,3,1,39660,33019,16549.75,188760,36298.3333333333,28770.5833333333,15478.8958333333,0,0,1,0,0,0,0,0,0,0,0,0,1,0,0,0,0,1,0,0,0,0
"160","DL",2018,4,2,35796,32411.4,14339.85,223608,37084,32613.9333333333,15076.4833333333,0,0,0,1,0,0,0,0,0,0,0,0,0,1,0,0,0,1,0,0,0,0
"161","DL",2018,5,2,27898,32046.84,13013.91,210830.4,30530.6666666667,32168.36,13455.89,0,0,0,0,1,0,0,0,0,0,0,0,0,1,0,0,0,1,0,0,0,0
"162","DL",2018,6,2,38338.8,31828.104,12218.346,231913.44,34858.5333333333,31901.016,12483.534,0,0,0,0,0,1,0,0,0,0,0,0,0,1,0,0,0,1,0,0,0,0
"163","DL",2018,7,3,33803.28,44296.8624,11741.0076,255104.784,35315.12,40140.6096,11900.1204,0,0,0,0,0,0,1,0,0,0,0,0,0,0,1,0,0,1,0,0,0,0
"164","DL",2018,8,3,21401.64,32648.4312,13220.5038,175384.539,25535.52,36531.2416,12727.3384,0,0,0,0,0,0,0,1,0,0,0,0,0,0,1,0,0,1,0,0,0,0
"165","DL",2018,9,3,12950.82,21574.2156,10285.2519,131538.40425,15767.76,25265.6208,11263.6692,0,0,0,0,0,0,0,0,1,0,0,0,0,0,1,0,0,1,0,0,0,0
"166","DL",2018,10,4,15200.82,13412.1078,6980.12595,98653.8031875,14450.82,16132.8104,8081.8346,0,0,0,0,0,0,0,0,0,1,0,0,0,0,0,1,0,1,0,0,0,0
"167","DL",2018,11,4,8725.41,8018.5539,8817.62595,73990.352390625,10883.88,9816.4052,8205.12595,0,0,0,0,0,0,0,0,0,0,1,0,0,0,0,1,0,1,0,0,0,0
"168","DL",2018,12,4,5487.705,10643.5539,4868.187975,60537.561046875,6566.94,9768.5539,6184.6673,0,0,0,0,0,0,0,0,0,0,0,1,0,0,0,1,0,1,0,0,0,0
"169","DL",2019,1,1,27737.705,12803.02695,7793.4689875,145200,20321.0383333333,12083.2026,6818.37531666667,1,0,0,0,0,0,0,0,0,0,0,0,1,0,0,0,0,1,0,0,0,0
"170","DL",2019,2,1,28656.3525,16538.388475,21130.6564875,181500,28350.1366666667,15293.2679666667,16684.9273208333,0,1,0,0,0,0,0,0,0,0,0,0,1,0,0,0,0,1,0,0,0,0
"171","DL",2019,3,1,34158.17625,24778.6942375,18840.20324375,141570,32324.235,22031.92565,19603.6876583333,0,0,1,0,0,0,0,0,0,0,0,0,1,0,0,0,0,1,0,0,0,0
"172","DL",2019,4,2,69954.17625,57190.0942375,33180.05324375,245968.8,58022.17625,46386.2942375,28400.10324375,0,0,0,1,0,0,0,0,0,0,0,0,0,1,0,0,0,1,0,0,0,0
"173","DL",2019,5,2,19570.43525,17847.3868475,9238.79264875,231913.44,36365.0155833333,30961.6226441667,17219.2128470833,0,0,0,0,1,0,0,0,0,0,0,0,0,1,0,0,0,1,0,0,0,0
"174","DL",2019,6,2,11581.84705,9935.0981695,4291.42772975,255104.784,14244.7097833333,12572.5277288333,5940.54936941667,0,0,0,0,0,1,0,0,0,0,0,0,0,1,0,0,0,1,0,0,0,0
"175","DL",2019,7,3,9077.02541,10846.3921139,3206.48706595,280615.2624,9911.96595666667,10542.6274657667,3568.13395388333,0,0,0,0,0,0,1,0,0,0,0,0,0,0,1,0,0,1,0,0,0,0
"176","DL",2019,8,3,6095.733082,8698.96466278,3285.39817319,192922.9929,7089.49719133333,9414.77381315333,3259.09447077667,0,0,0,0,0,0,0,1,0,0,0,0,0,0,1,0,0,1,0,0,0,0
"177","DL",2019,9,3,3809.3106164,6054.636052556,2714.130014638,144692.244675,4571.45143826667,6936.07892263067,2904.55273415533,0,0,0,0,0,0,0,0,1,0,0,0,0,0,1,0,0,1,0,0,0,0
"178","DL",2019,10,4,3802.02612328,3893.3487705112,1938.8511929276,108519.18350625,3804.45428765333,4613.77786452613,2197.27746683107,0,0,0,0,0,0,0,0,0,1,0,0,0,0,0,1,0,1,0,0,0,0
"179","DL",2019,11,4,2505.487224656,2382.38053410224,2151.29542858552,81389.3876296875,2937.66685753067,2886.03661290523,2080.48068336621,0,0,0,0,0,0,0,0,0,0,1,0,0,0,0,1,0,1,0,0,0,0
"180","DL",2019,12,4,1598.6384449312,2605.18688682045,1403.8966807171,66591.3171515625,1900.92137150613,2530.91810258105,1653.02959667324,0,0,0,0,0,0,0,0,0,0,0,1,0,0,0,1,0,1,0,0,0,0
"181","MD",2017,1,1,10000,8000,7200,50000,7199.5461483104,6201.72896227348,5267.96556023903,1,0,0,0,0,0,0,0,0,0,0,0,1,0,0,0,0,0,1,0,0,0
"182","MD",2017,2,1,10000,8000,7200,55000,10000,8000,7200,0,1,0,0,0,0,0,0,0,0,0,0,1,0,0,0,0,0,1,0,0,0
"183","MD",2017,3,1,10000,12000,5400,60500,10000,10666.6666666667,6000,0,0,1,0,0,0,0,0,0,0,0,0,1,0,0,0,0,0,1,0,0,0
"184","MD",2017,4,2,10000,12000,5400,66550,10000,12000,5400,0,0,0,1,0,0,0,0,0,0,0,0,0,1,0,0,0,0,1,0,0,0
"185","MD",2017,5,2,10000,12000,5400,73205,10000,12000,5400,0,0,0,0,1,0,0,0,0,0,0,0,0,1,0,0,0,0,1,0,0,0
"186","MD",2017,6,2,18000,12000,5400,80525.5,15333.3333333333,12000,5400,0,0,0,0,0,1,0,0,0,0,0,0,0,1,0,0,0,0,1,0,0,0
"187","MD",2017,7,3,9000,24000,5400,88578.0500000001,12000,20000,5400,0,0,0,0,0,0,1,0,0,0,0,0,0,0,1,0,0,0,1,0,0,0
"188","MD",2017,8,3,4500,12000,10800,66433.5375,6000,16000,9000,0,0,0,0,0,0,0,1,0,0,0,0,0,0,1,0,0,0,1,0,0,0
"189","MD",2017,9,3,2250,6000,5400,49825.153125,3000,8000,7200,0,0,0,0,0,0,0,0,1,0,0,0,0,0,1,0,0,0,1,0,0,0
"190","MD",2017,10,4,1125,3000,2700,37368.86484375,1500,4000,3600,0,0,0,0,0,0,0,0,0,1,0,0,0,0,0,1,0,0,1,0,0,0
"191","MD",2017,11,4,1125,1500,1350,28026.6486328125,1125,2000,1800,0,0,0,0,0,0,0,0,0,0,1,0,0,0,0,1,0,0,1,0,0,0
"192","MD",2017,12,4,1125,1500,675,21019.9864746094,1125,1500,900,0,0,0,0,0,0,0,0,0,0,0,1,0,0,0,1,0,0,1,0,0,0
"193","MD",2018,1,1,11125,8550,7875,55000,7791.66666666667,6200,5475,1,0,0,0,0,0,0,0,0,0,0,0,1,0,0,0,0,0,1,0,0,0
"194","MD",2018,2,1,14787.5,11585,9798.75,68750,13566.6666666667,10573.3333333333,9157.5,0,1,0,0,0,0,0,0,0,0,0,0,1,0,0,0,0,0,1,0,0,0
"195","MD",2018,3,1,19830,18868,12159,78650,18149.1666666667,16440.3333333333,11372.25,0,0,1,0,0,0,0,0,0,0,0,0,1,0,0,0,0,0,1,0,0,0
"196","MD",2018,4,2,17898,18520.8,10535.4,93170,18542,18636.5333333333,11076.6,0,0,0,1,0,0,0,0,0,0,0,0,0,1,0,0,0,0,1,0,0,0
"197","MD",2018,5,2,13949,18312.48,9561.24,87846,15265.3333333333,18381.92,9885.96,0,0,0,0,1,0,0,0,0,0,0,0,0,1,0,0,0,0,1,0,0,0
"198","MD",2018,6,2,19169.4,18187.488,8976.744,96630.6,17429.2666666667,18229.152,9171.576,0,0,0,0,0,1,0,0,0,0,0,0,0,1,0,0,0,0,1,0,0,0
"199","MD",2018,7,3,16901.64,25312.4928,8626.0464,106293.66,17657.56,22937.4912,8742.9456,0,0,0,0,0,0,1,0,0,0,0,0,0,0,1,0,0,0,1,0,0,0
"200","MD",2018,8,3,10700.82,18656.2464,9713.0232,73076.8912500001,12767.76,20874.9952,9350.6976,0,0,0,0,0,0,0,1,0,0,0,0,0,0,1,0,0,0,1,0,0,0
"201","MD",2018,9,3,6475.41,12328.1232,7556.5116,54807.6684375,7883.88,14437.4976,8275.3488,0,0,0,0,0,0,0,0,1,0,0,0,0,0,1,0,0,0,1,0,0,0
"202","MD",2018,10,4,7600.41,7664.0616,5128.2558,41105.751328125,7225.41,9218.7488,5937.6744,0,0,0,0,0,0,0,0,0,1,0,0,0,0,0,1,0,0,1,0,0,0
"203","MD",2018,11,4,4362.705,4582.0308,6478.2558,30829.3134960938,5441.94,5609.3744,6028.2558,0,0,0,0,0,0,0,0,0,0,1,0,0,0,0,1,0,0,1,0,0,0
"204","MD",2018,12,4,2743.8525,6082.0308,3576.6279,25223.9837695313,3283.47,5582.0308,4543.8372,0,0,0,0,0,0,0,0,0,0,0,1,0,0,0,1,0,0,1,0,0,0
"205","MD",2019,1,1,13868.8525,7316.0154,5725.81395,60500,10160.5191666667,6904.6872,5009.4186,1,0,0,0,0,0,0,0,0,0,0,0,1,0,0,0,0,0,1,0,0,0
"206","MD",2019,2,1,14328.17625,9450.5077,15524.56395,75625,14175.0683333333,8739.01026666667,12258.31395,0,1,0,0,0,0,0,0,0,0,0,0,1,0,0,0,0,0,1,0,0,0
"207","MD",2019,3,1,17079.088125,14159.25385,13841.781975,58987.5,16162.1175,12589.6718,14402.7093,0,0,1,0,0,0,0,0,0,0,0,0,1,0,0,0,0,0,1,0,0,0
"208","MD",2019,4,2,34977.088125,32680.05385,24377.181975,102487,29011.088125,26506.45385,20865.381975,0,0,0,1,0,0,0,0,0,0,0,0,0,1,0,0,0,0,1,0,0,0
"209","MD",2019,5,2,9785.217625,10198.50677,6787.684395,96630.6,18182.5077916667,17692.3557966667,12650.850255,0,0,0,0,1,0,0,0,0,0,0,0,0,1,0,0,0,0,1,0,0,0
"210","MD",2019,6,2,5790.923525,5677.198954,3152.885679,106293.66,7122.35489166667,7184.30155933333,4364.485251,0,0,0,0,0,1,0,0,0,0,0,0,0,1,0,0,0,0,1,0,0,0
"211","MD",2019,7,3,4538.512705,6197.9383508,2355.7864158,116923.026,4955.98297833333,6024.35855186667,2621.4861702,0,0,0,0,0,0,1,0,0,0,0,0,0,0,1,0,0,0,1,0,0,0
"212","MD",2019,8,3,3047.866541,4970.83695016,2413.76192316,80384.5803750001,3544.74859566667,5379.87075037333,2394.43675404,0,0,0,0,0,0,0,1,0,0,0,0,0,0,1,0,0,0,1,0,0,0
"213","MD",2019,9,3,1904.6553082,3459.792030032,1994.054704632,60288.4352812501,2285.72571913333,3963.47367007467,2133.957110808,0,0,0,0,0,0,0,0,1,0,0,0,0,0,1,0,0,0,1,0,0,0
"214","MD",2019,10,4,1901.01306164,2224.7707260064,1424.4621009264,45216.3264609375,1902.22714382667,2636.44449401493,1614.3263021616,0,0,0,0,0,0,0,0,0,1,0,0,0,0,0,1,0,0,1,0,0,0
"215","MD",2019,11,4,1252.743612328,1361.36030520128,1580.54358018528,33912.2448457032,1468.83342876533,1649.16377880299,1528.51642043232,0,0,0,0,0,0,0,0,0,0,1,0,0,0,0,1,0,0,1,0,0,0
"216","MD",2019,12,4,799.3192224656,1488.67822104026,1031.43429603706,27746.3821464844,950.460685753067,1446.2389157606,1214.47072408646,0,0,0,0,0,0,0,0,0,0,0,1,0,0,0,1,0,0,1,0,0,0
